,test_data,predict_result
0,1,1
1,1,1
2,1,1
3,1,1
4,0,0
5,1,1
6,1,1
7,0,0
8,0,1
9,0,1
10,0,0
11,1,1
12,0,0
13,0,0
14,0,0
15,0,0
16,1,1
17,0,0
18,1,1
19,0,0
20,0,0
21,1,1
22,1,1
23,1,1
24,0,0
25,0,0
26,1,1
27,1,1
28,0,0
29,0,0
30,0,0
31,1,1
32,0,0
33,1,1
34,1,1
35,1,1
36,0,0
37,1,1
38,1,1
39,1,1
40,1,1
41,0,0
42,0,0
43,0,0
44,1,1
45,0,0
46,0,0
47,0,0
48,1,1
49,0,0
50,1,1
51,1,1
52,0,1
53,1,1
54,0,0
55,0,0
56,0,0
57,1,1
58,1,1
59,1,0
60,1,1
61,1,1
62,0,0
63,0,0
64,1,1
65,0,0
66,1,1
67,0,0
68,0,0
69,1,1
70,1,1
71,0,0
72,0,0
73,0,0
74,0,0
75,1,1
76,0,1
77,1,1
78,1,1
79,1,0
80,1,1
81,1,1
82,0,0
83,0,0
84,1,1
85,1,1
86,1,1
87,1,0
88,1,1
89,0,0
90,0,0
91,0,0
92,1,1
93,0,0
94,1,0
95,1,1
96,1,1
97,0,0
98,0,0
99,0,0
100,1,1
101,0,0
102,0,0
103,1,1
104,0,1
105,1,1
106,0,0
107,0,0
108,1,0
109,0,0
110,0,0
111,1,1
112,0,0
113,0,1
114,1,1
115,1,0
116,0,0
117,0,0
118,1,1
119,0,0
120,0,0
121,1,1
122,0,0
123,0,0
124,1,1
125,0,0
126,1,1
127,1,1
128,1,1
129,1,1
130,0,0
131,1,1
132,1,1
133,0,0
134,0,0
135,0,0
136,0,0
137,1,0
138,0,0
139,0,0
140,1,1
141,1,1
142,1,1
143,1,1
144,0,0
145,1,1
146,1,1
147,0,0
148,0,0
149,1,1
150,0,0
151,0,0
152,0,0
153,1,1
154,0,0
155,0,0
156,0,0
157,1,1
158,0,1
159,1,1
160,0,0
161,0,0
162,1,1
163,1,1
164,1,1
165,0,0
166,1,0
167,0,0
168,0,0
169,1,1
170,0,0
171,0,0
172,1,0
173,0,0
174,1,1
175,0,0
176,0,1
177,0,0
178,0,1
179,1,1
180,1,1
181,1,1
182,1,1
183,0,1
184,0,0
185,0,0
186,1,1
187,1,1
188,0,1
189,1,1
190,0,0
191,1,1
192,0,0
193,0,0
194,1,1
195,1,1
196,1,1
197,1,1
198,1,1
199,0,1
200,0,0
201,1,1
202,0,1
203,0,0
204,1,0
205,1,1
206,0,0
207,0,1
208,1,1
209,0,0
210,0,1
211,1,1
212,1,1
213,1,1
214,1,1
215,0,0
216,1,1
217,0,0
218,1,1
219,1,1
220,0,0
221,0,0
222,0,0
223,0,0
224,1,1
225,0,0
226,1,1
227,1,1
228,0,0
229,0,0
230,1,1
231,0,0
232,1,1
233,0,0
234,0,1
235,1,1
236,1,1
237,0,0
238,0,0
239,0,0
240,1,1
241,1,1
242,1,1
243,1,1
244,1,1
245,1,1
246,0,0
247,0,0
248,1,1
249,1,1
250,0,1
251,0,0
252,1,1
253,0,0
254,0,0
255,1,1
256,1,1
257,0,0
258,0,0
259,1,1
260,0,0
261,0,0
262,0,0
263,1,0
264,0,0
265,0,1
266,0,1
267,1,1
268,1,1
269,1,1
270,1,1
271,1,1
272,0,0
273,0,0
274,1,1
275,1,1
276,0,0
277,0,0
278,0,0
279,0,0
280,0,1
281,0,0
282,0,1
283,0,0
284,0,0
285,0,0
286,1,0
287,1,1
288,1,1
289,0,1
290,1,1
291,0,0
292,0,0
293,0,1
294,1,1
295,0,0
296,0,0
297,1,1
298,1,1
299,0,0
300,0,0
301,1,1
302,0,0
303,0,0
304,0,0
305,1,1
306,0,0
307,0,0
308,0,0
309,1,1
310,0,0
311,0,0
312,1,1
313,1,1
314,1,1
315,1,1
316,0,1
317,1,1
318,1,1
319,0,0
320,1,1
321,1,1
322,1,1
323,0,0
324,0,0
325,0,0
326,0,0
327,0,0
328,1,0
329,0,0
330,0,1
331,1,1
332,0,0
333,0,0
334,0,0
335,0,0
336,0,0
337,0,0
338,1,1
339,0,1
340,1,1
341,0,0
342,1,1
343,0,0
344,0,0
345,1,1
346,1,1
347,0,0
348,1,1
349,0,1
350,0,1
351,1,1
352,1,1
353,1,1
354,0,0
355,0,0
356,0,0
357,1,1
358,1,1
359,0,0
360,1,1
361,0,0
362,1,1
363,1,0
364,0,1
365,1,0
366,1,1
367,1,1
368,1,1
369,0,1
370,1,1
371,0,0
372,1,0
373,0,0
374,1,1
375,1,1
376,0,0
377,1,1
378,0,0
379,0,1
380,1,1
381,1,1
382,0,0
383,1,1
384,0,0
385,1,1
386,0,0
387,1,1
388,0,0
389,0,1
390,1,0
391,0,0
392,1,1
393,0,0
394,0,0
395,0,0
396,0,1
397,0,0
398,0,0
399,1,1
400,0,1
401,1,1
402,0,0
403,0,0
404,1,1
405,1,1
406,1,1
407,0,0
408,0,0
409,1,1
410,0,1
411,0,0
412,1,1
413,1,1
414,1,1
415,1,1
416,0,0
417,1,1
418,0,0
419,0,0
420,1,1
421,1,1
422,1,1
423,0,0
424,1,0
425,0,0
426,0,0
427,1,1
428,0,0
429,1,1
430,1,1
431,0,0
432,0,0
433,0,0
434,0,0
435,0,0
436,1,1
437,0,0
438,0,0
439,0,0
440,1,1
441,0,1
442,0,0
443,1,1
444,1,1
445,0,0
446,1,1
447,0,0
448,1,1
449,0,0
450,1,1
451,1,1
452,1,1
453,0,0
454,0,0
455,1,1
456,1,1
457,0,0
458,1,1
459,1,1
460,0,0
461,0,1
462,1,1
463,1,1
464,1,1
465,0,0
466,0,0
467,1,1
468,1,1
469,1,1
470,1,1
471,1,1
472,0,1
473,0,0
474,0,0
475,1,1
476,1,1
477,1,1
478,1,0
479,0,0
480,1,1
481,0,0
482,1,0
483,1,1
484,0,0
485,0,1
486,0,0
487,0,0
488,1,0
489,0,0
490,1,1
491,0,1
492,1,1
493,1,1
494,0,0
495,0,0
496,0,1
497,0,0
498,1,1
499,1,1
500,0,1
501,1,0
502,0,0
503,0,0
504,1,1
505,0,0
506,0,1
507,1,0
508,0,0
509,0,0
510,1,1
511,1,1
512,0,1
513,0,0
514,0,0
515,1,1
516,1,0
517,0,0
518,1,1
519,1,1
520,1,1
521,1,1
522,1,1
523,0,0
524,1,1
525,0,0
526,1,1
527,0,0
528,1,1
529,0,0
530,1,1
531,0,1
532,1,1
533,1,1
534,1,1
535,1,1
536,0,1
537,0,0
538,1,1
539,0,0
540,0,0
541,1,0
542,0,0
543,0,0
544,0,0
545,1,1
546,1,1
547,1,1
548,0,0
549,0,1
550,1,1
551,1,1
552,0,0
553,0,0
554,0,0
555,1,1
556,0,0
557,0,0
558,0,1
559,0,1
560,1,1
561,1,1
562,0,0
563,0,0
564,1,1
565,0,0
566,1,1
567,0,0
568,0,0
569,1,1
570,0,0
571,0,0
572,1,1
573,0,0
574,0,0
575,0,0
576,1,0
577,1,1
578,1,1
579,0,0
580,0,1
581,1,1
582,0,0
583,0,0
584,0,1
585,0,0
586,1,1
587,1,1
588,1,1
589,1,1
590,1,1
591,0,0
592,1,1
593,0,0
594,1,1
595,1,1
596,1,0
597,1,1
598,1,1
599,1,1
600,1,1
601,1,1
602,0,0
603,0,0
604,1,1
605,0,0
606,1,1
607,1,1
608,1,1
609,1,0
610,0,0
611,1,1
612,0,0
613,1,0
614,1,1
615,0,1
616,1,1
617,1,1
618,0,0
619,1,1
620,1,1
621,1,1
622,0,0
623,1,1
624,1,1
625,1,0
626,0,0
627,0,0
628,0,0
629,0,0
630,0,1
631,1,1
632,1,1
633,1,1
634,0,0
635,0,0
636,1,1
637,0,1
638,0,1
639,0,0
640,0,0
641,1,1
642,1,1
643,0,0
644,1,1
645,1,1
646,0,0
647,1,1
648,0,0
649,1,0
650,0,0
651,0,0
652,0,0
653,0,1
654,0,0
655,1,1
656,1,1
657,1,1
658,0,0
659,1,1
660,0,0
661,1,1
662,0,0
663,1,1
664,0,0
665,0,0
666,1,1
667,0,0
668,1,1
669,1,1
670,0,0
671,0,1
672,1,1
673,1,1
674,0,0
675,0,0
676,1,1
677,1,1
678,0,0
679,1,1
680,0,0
681,0,0
682,0,0
683,0,0
684,0,0
685,1,0
686,0,1
687,0,0
688,0,1
689,0,0
690,1,1
691,1,1
692,0,0
693,0,0
694,1,1
695,1,1
696,0,0
697,1,1
698,1,0
699,0,0
700,1,1
701,1,1
702,1,1
703,1,1
704,0,1
705,0,0
706,1,1
707,1,1
708,0,0
709,0,0
710,0,0
711,0,0
712,0,0
713,1,1
714,1,1
715,1,1
716,1,1
717,1,0
718,0,0
719,0,0
720,1,0
721,1,1
722,0,0
723,1,1
724,0,0
725,1,1
726,0,0
727,0,1
728,0,0
729,0,0
730,1,1
731,0,0
732,1,1
733,1,1
734,1,1
735,1,1
736,0,0
737,1,1
738,1,1
739,1,1
740,0,0
741,1,1
742,1,0
743,1,0
744,0,0
745,1,1
746,1,1
747,1,0
748,1,1
749,1,1
750,1,1
751,1,0
752,1,1
753,0,0
754,1,1
755,0,0
756,1,1
757,1,1
758,0,0
759,0,1
760,1,1
761,0,0
762,0,0
763,1,1
764,0,0
765,1,1
766,0,1
767,0,0
768,1,1
769,0,0
770,1,1
771,0,0
772,0,0
773,0,0
774,1,1
775,1,1
776,1,1
777,1,1
778,1,1
779,1,1
780,1,1
781,0,0
782,0,0
783,0,0
784,1,1
785,1,1
786,0,0
787,1,1
788,0,0
789,1,1
790,1,1
791,1,1
792,0,0
793,0,0
794,0,0
795,0,0
796,1,1
797,0,0
798,1,1
799,1,1
800,1,1
801,0,0
802,1,1
803,0,0
804,1,1
805,0,0
806,0,0
807,0,1
808,0,0
809,0,0
810,1,1
811,1,1
812,1,1
813,1,1
814,1,0
815,1,1
816,1,1
817,1,1
818,1,1
819,0,0
820,0,1
821,1,0
822,1,1
823,1,1
824,1,1
825,0,0
826,0,0
827,1,1
828,0,0
829,0,0
830,1,1
831,0,0
832,0,0
833,0,0
834,0,0
835,1,1
836,1,1
837,0,0
838,1,1
839,0,1
840,1,1
841,0,0
842,1,1
843,1,1
844,0,0
845,1,1
846,1,1
847,0,0
848,0,0
849,0,1
850,1,1
851,0,0
852,1,1
853,1,1
854,1,1
855,0,0
856,1,1
857,0,0
858,0,0
859,0,0
860,1,1
861,0,0
862,0,0
863,0,0
864,0,0
865,1,1
866,1,1
867,0,0
868,0,1
869,1,0
870,0,0
871,0,0
872,1,1
873,0,1
874,1,1
875,1,1
876,0,1
877,1,1
878,0,0
879,0,0
880,1,1
881,0,0
882,1,1
883,0,0
884,1,1
885,1,0
886,0,0
887,0,0
888,0,1
889,0,0
890,1,0
891,0,0
892,0,1
893,0,0
894,0,0
895,1,1
896,1,1
897,0,0
898,0,0
899,0,0
900,0,0
901,0,0
902,0,0
903,1,0
904,1,1
905,1,1
906,0,0
907,0,0
908,1,1
909,0,0
910,0,1
911,0,0
912,0,0
913,0,0
914,0,0
915,1,1
916,1,1
917,0,0
918,1,1
919,1,1
920,0,0
921,0,0
922,0,0
923,1,1
924,1,1
925,1,1
926,1,0
927,1,1
928,0,0
929,1,1
930,1,1
931,0,1
932,1,1
933,0,0
934,0,0
935,0,0
936,0,0
937,1,1
938,0,0
939,1,1
940,0,0
941,1,0
942,1,1
943,1,1
944,1,1
945,0,0
946,0,0
947,0,0
948,1,1
949,1,1
950,0,0
951,0,0
952,0,0
953,0,0
954,1,1
955,0,1
956,0,0
957,1,1
958,1,1
959,0,0
960,1,1
961,0,0
962,0,0
963,1,1
964,1,1
965,0,1
966,0,1
967,1,1
968,1,1
969,0,0
970,1,1
971,0,0
972,1,1
973,1,1
974,1,1
975,0,1
976,1,1
977,1,0
978,0,0
979,0,0
980,1,1
981,0,0
982,0,0
983,0,0
984,1,1
985,0,0
986,0,0
987,1,1
988,1,1
989,0,1
990,0,0
991,0,0
992,1,1
993,1,0
994,1,1
995,0,0
996,0,0
997,0,0
998,1,1
999,0,0
1000,1,1
1001,1,1
1002,0,0
1003,0,0
1004,1,1
1005,1,1
1006,0,0
1007,1,0
1008,1,0
1009,0,1
1010,1,1
1011,0,0
1012,1,1
1013,0,0
1014,0,0
1015,0,1
1016,1,0
1017,1,1
1018,1,1
1019,0,0
1020,1,1
1021,1,1
1022,1,1
1023,1,0
1024,0,1
1025,1,1
1026,1,1
1027,1,1
1028,0,0
1029,1,1
1030,0,0
1031,1,1
1032,0,0
1033,1,0
1034,1,0
1035,0,0
1036,1,1
1037,1,1
1038,1,1
1039,0,0
1040,0,0
1041,1,1
1042,1,1
1043,0,1
1044,1,1
1045,1,0
1046,1,1
1047,1,1
1048,0,0
1049,1,1
1050,1,0
1051,1,1
1052,1,1
1053,1,1
1054,0,0
1055,0,1
1056,0,0
1057,1,1
1058,1,1
1059,0,0
1060,0,0
1061,1,1
1062,1,1
1063,1,1
1064,0,0
1065,0,0
1066,1,0
1067,1,1
1068,1,1
1069,0,0
1070,0,1
1071,1,1
1072,1,1
1073,1,0
1074,0,0
1075,1,1
1076,0,0
1077,1,1
1078,0,0
1079,0,0
1080,0,0
1081,1,1
1082,1,1
1083,0,0
1084,1,0
1085,0,0
1086,0,0
1087,0,1
1088,1,1
1089,0,0
1090,1,1
1091,1,1
1092,1,1
1093,0,0
1094,1,1
1095,0,1
1096,0,0
1097,0,0
1098,1,1
1099,1,1
1100,1,1
1101,0,0
1102,0,0
1103,0,0
1104,0,0
1105,0,0
1106,1,1
1107,1,1
1108,0,0
1109,1,1
1110,0,1
1111,0,1
1112,1,1
1113,0,0
1114,1,1
1115,0,0
1116,0,0
1117,1,1
1118,0,0
1119,0,0
1120,0,0
1121,1,1
1122,0,0
1123,0,0
1124,1,1
1125,1,1
1126,1,1
1127,1,0
1128,0,1
1129,1,1
1130,0,0
1131,0,0
1132,1,1
1133,0,0
1134,1,1
1135,0,0
1136,0,0
1137,1,1
1138,1,1
1139,0,0
1140,1,1
1141,0,0
1142,0,0
1143,0,0
1144,0,0
1145,1,1
1146,1,0
1147,1,1
1148,0,0
1149,1,1
1150,0,1
1151,1,1
1152,1,1
1153,0,0
1154,1,0
1155,1,1
1156,0,0
1157,1,0
1158,1,1
1159,1,0
1160,0,0
1161,0,0
1162,1,1
1163,0,0
1164,1,1
1165,1,1
1166,0,0
1167,0,0
1168,1,1
1169,1,1
1170,1,1
1171,0,0
1172,1,1
1173,0,0
1174,1,1
1175,0,1
1176,1,1
1177,1,1
1178,0,0
1179,1,1
1180,0,0
1181,0,0
1182,1,1
1183,1,1
1184,0,0
1185,1,1
1186,0,1
1187,0,0
1188,1,1
1189,1,1
1190,1,1
1191,0,0
1192,1,1
1193,1,0
1194,1,1
1195,0,0
1196,0,0
1197,1,0
1198,0,0
1199,0,0
1200,0,0
1201,0,0
1202,0,0
1203,1,1
1204,1,1
1205,0,0
1206,1,1
1207,0,0
1208,0,0
1209,0,0
1210,0,1
1211,1,1
1212,1,1
1213,0,0
1214,1,1
1215,0,0
1216,1,1
1217,1,1
1218,0,0
1219,0,0
1220,1,1
1221,1,1
1222,0,0
1223,1,1
1224,0,0
1225,0,0
1226,1,1
1227,0,0
1228,0,0
1229,1,1
1230,1,1
1231,0,0
1232,1,1
1233,1,1
1234,1,1
1235,0,0
1236,0,0
1237,0,0
1238,0,0
1239,0,0
1240,1,1
1241,1,1
1242,0,0
1243,0,0
1244,0,0
1245,0,0
1246,1,1
1247,1,1
1248,1,0
1249,0,0
1250,1,1
1251,0,0
1252,1,1
1253,1,1
1254,0,0
1255,1,1
1256,1,1
1257,1,0
1258,1,1
1259,1,0
1260,1,1
1261,0,0
1262,0,0
1263,0,1
1264,1,1
1265,0,0
1266,1,1
1267,0,0
1268,0,0
1269,1,1
1270,0,0
1271,0,1
1272,1,1
1273,1,1
1274,1,1
1275,1,1
1276,1,1
1277,0,0
1278,1,1
1279,1,1
1280,1,1
1281,1,1
1282,1,1
1283,0,0
1284,1,1
1285,1,1
1286,0,0
1287,1,1
1288,0,0
1289,1,1
1290,0,0
1291,0,0
1292,1,1
1293,0,0
1294,1,1
1295,1,1
1296,1,1
1297,0,0
1298,0,0
1299,1,1
1300,1,1
1301,1,1
1302,0,0
1303,0,0
1304,1,1
1305,0,1
1306,0,0
1307,0,0
1308,1,1
1309,0,0
1310,1,0
1311,0,0
1312,1,0
1313,0,0
1314,0,0
1315,1,1
1316,0,0
1317,0,0
1318,0,0
1319,0,0
1320,0,0
1321,1,1
1322,1,1
1323,1,1
1324,0,0
1325,1,1
1326,1,1
1327,1,1
1328,0,0
1329,1,0
1330,0,1
1331,1,1
1332,0,0
1333,0,0
1334,1,1
1335,0,0
1336,0,0
1337,1,1
1338,1,1
1339,1,1
1340,0,0
1341,1,1
1342,0,0
1343,1,1
1344,1,1
1345,0,0
1346,1,1
1347,1,1
1348,0,1
1349,0,0
1350,1,1
1351,1,1
1352,0,0
1353,1,0
1354,1,0
1355,0,0
1356,0,1
1357,0,0
1358,1,1
1359,1,1
1360,0,0
1361,0,0
1362,1,1
1363,0,0
1364,0,0
1365,0,0
1366,0,0
1367,1,1
1368,1,1
1369,1,1
1370,1,1
1371,1,1
1372,1,1
1373,0,0
1374,1,0
1375,0,0
1376,0,1
1377,1,1
1378,1,1
1379,1,1
1380,1,1
1381,1,1
1382,1,1
1383,1,1
1384,0,0
1385,1,1
1386,1,1
1387,0,0
1388,0,0
1389,1,1
1390,1,1
1391,1,1
1392,0,1
1393,0,0
1394,1,1
1395,1,1
1396,1,1
1397,0,0
1398,0,0
1399,0,0
1400,0,0
1401,1,1
1402,1,1
1403,1,1
1404,1,1
1405,0,0
1406,1,1
1407,1,1
1408,1,1
1409,0,0
1410,0,0
1411,0,0
1412,1,1
1413,0,0
1414,1,1
1415,1,1
1416,0,0
1417,1,1
1418,1,1
1419,1,1
1420,0,0
1421,0,0
1422,0,0
1423,1,1
1424,1,1
1425,0,1
1426,1,0
1427,1,1
1428,1,1
1429,1,1
1430,0,0
1431,1,1
1432,1,1
1433,1,1
1434,1,1
1435,0,0
1436,1,1
1437,1,1
1438,1,1
1439,0,0
1440,0,0
1441,1,1
1442,0,0
1443,1,1
1444,0,0
1445,0,0
1446,0,0
1447,0,0
1448,1,0
1449,0,0
1450,0,0
1451,1,1
1452,0,0
1453,0,0
1454,1,1
1455,0,0
1456,1,1
1457,0,0
1458,0,0
1459,1,1
1460,0,0
1461,1,1
1462,1,1
1463,1,1
1464,0,0
1465,0,0
1466,1,1
1467,0,0
1468,0,0
1469,1,1
1470,1,1
1471,0,0
1472,0,0
1473,0,0
1474,0,0
1475,0,0
1476,1,1
1477,0,1
1478,1,1
1479,0,0
1480,1,1
1481,1,1
1482,1,1
1483,0,0
1484,0,0
1485,0,1
1486,0,0
1487,1,1
1488,1,1
1489,0,0
1490,1,1
1491,0,0
1492,1,1
1493,1,1
1494,1,1
1495,0,0
1496,1,1
1497,0,0
1498,0,0
1499,0,0
1500,0,0
1501,0,0
1502,1,1
1503,0,0
1504,0,0
1505,1,1
1506,1,1
1507,1,1
1508,1,1
1509,1,1
1510,0,0
1511,0,0
1512,1,1
1513,1,0
1514,1,1
1515,1,1
1516,0,0
1517,1,1
1518,1,1
1519,1,1
1520,1,1
1521,0,0
1522,1,1
1523,0,0
1524,0,0
1525,0,1
1526,1,1
1527,0,0
1528,1,1
1529,1,1
1530,0,0
1531,0,0
1532,1,1
1533,0,0
1534,1,1
1535,0,0
1536,1,1
1537,0,0
1538,0,0
1539,1,1
1540,0,0
1541,0,0
1542,1,1
1543,0,0
1544,1,1
1545,0,0
1546,0,0
1547,0,0
1548,1,1
1549,0,0
1550,1,1
1551,0,0
1552,1,1
1553,0,0
1554,1,1
1555,1,1
1556,0,0
1557,1,1
1558,0,0
1559,0,0
1560,1,1
1561,1,1
1562,1,1
1563,0,0
1564,0,0
1565,0,0
1566,0,0
1567,0,0
1568,1,1
1569,1,1
1570,0,0
1571,1,1
1572,0,0
1573,0,0
1574,1,1
1575,0,0
1576,0,0
1577,1,1
1578,1,1
1579,0,0
1580,0,0
1581,1,1
1582,0,0
1583,0,1
1584,1,0
1585,0,0
1586,0,0
1587,0,0
1588,0,0
1589,1,1
1590,0,0
1591,1,1
1592,1,1
1593,0,0
1594,0,0
1595,1,1
1596,0,0
1597,0,1
1598,0,0
1599,1,1
1600,0,0
1601,0,0
1602,1,1
1603,0,0
1604,1,1
1605,0,0
1606,0,0
1607,1,1
1608,0,0
1609,1,1
1610,0,1
1611,1,1
1612,0,0
1613,1,1
1614,0,1
1615,1,1
1616,0,0
1617,0,0
1618,1,1
1619,1,1
1620,1,1
1621,0,0
1622,1,1
1623,1,1
1624,0,0
1625,0,0
1626,1,1
1627,0,0
1628,1,1
1629,0,0
1630,0,0
1631,1,1
1632,0,1
1633,1,1
1634,1,1
1635,1,1
1636,1,1
1637,0,0
1638,0,0
1639,0,0
1640,1,1
1641,1,1
1642,0,0
1643,0,0
1644,0,0
1645,0,0
1646,0,0
1647,0,0
1648,1,1
1649,0,0
1650,1,1
1651,0,0
1652,1,1
1653,0,1
1654,0,0
1655,1,1
1656,1,1
1657,0,0
1658,1,0
1659,1,1
1660,1,0
1661,0,1
1662,1,1
1663,0,1
1664,1,1
1665,1,1
1666,0,0
1667,1,1
1668,0,1
1669,1,1
1670,0,0
1671,0,0
1672,0,0
1673,0,0
1674,1,0
1675,1,1
1676,0,0
1677,0,0
1678,0,0
1679,0,1
1680,0,0
1681,1,0
1682,0,0
1683,1,1
1684,0,0
1685,0,0
1686,1,1
1687,1,1
1688,1,1
1689,0,0
1690,0,0
1691,1,1
1692,0,0
1693,0,0
1694,0,0
1695,0,0
1696,0,0
1697,0,0
1698,0,0
1699,0,0
1700,1,1
1701,1,1
1702,1,1
1703,0,0
1704,1,1
1705,0,0
1706,1,1
1707,0,0
1708,1,0
1709,0,1
1710,1,1
1711,1,1
1712,0,0
1713,0,0
1714,0,0
1715,0,0
1716,0,0
1717,0,0
1718,0,0
1719,0,0
1720,1,1
1721,0,0
1722,0,0
1723,0,0
1724,1,1
1725,0,0
1726,0,0
1727,0,1
1728,0,0
1729,0,0
1730,1,1
1731,1,1
1732,1,1
1733,1,1
1734,0,0
1735,1,0
1736,1,1
1737,1,1
1738,0,1
1739,1,1
1740,1,1
1741,1,1
1742,1,1
1743,1,0
1744,0,0
1745,1,1
1746,1,1
1747,1,1
1748,0,0
1749,1,1
1750,0,0
1751,1,1
1752,1,1
1753,1,1
1754,1,1
1755,0,0
1756,0,0
1757,1,1
1758,1,1
1759,0,1
1760,0,0
1761,1,1
1762,0,0
1763,1,1
1764,1,1
1765,0,0
1766,1,1
1767,0,1
1768,1,1
1769,0,0
1770,0,0
1771,0,0
1772,0,1
1773,0,1
1774,0,0
1775,0,0
1776,0,0
1777,1,1
1778,0,0
1779,1,1
1780,1,0
1781,1,1
1782,0,0
1783,0,0
1784,1,0
1785,1,1
1786,1,1
1787,0,0
1788,1,1
1789,0,0
1790,1,1
1791,0,0
1792,0,0
1793,0,0
1794,1,1
1795,0,0
1796,0,0
1797,0,0
1798,1,0
1799,0,0
1800,1,1
1801,1,1
1802,0,0
1803,1,1
1804,1,1
1805,0,0
1806,1,1
1807,0,0
1808,0,0
1809,0,0
1810,0,0
1811,0,0
1812,1,1
1813,1,1
1814,0,0
1815,1,0
1816,1,0
1817,0,0
1818,0,0
1819,0,0
1820,0,0
1821,1,1
1822,0,0
1823,1,1
1824,0,0
1825,0,1
1826,1,1
1827,1,0
1828,0,0
1829,1,1
1830,1,1
1831,0,0
1832,1,1
1833,0,0
1834,0,0
1835,1,0
1836,0,0
1837,0,0
1838,1,1
1839,1,1
1840,1,1
1841,1,1
1842,1,1
1843,1,1
1844,1,1
1845,1,1
1846,0,1
1847,1,1
1848,0,0
1849,0,0
1850,1,0
1851,1,1
1852,0,0
1853,0,0
1854,1,1
1855,0,0
1856,0,0
1857,0,0
1858,0,0
1859,1,1
1860,0,1
1861,0,0
1862,1,1
1863,0,0
1864,1,1
1865,1,1
1866,1,1
1867,0,0
1868,1,1
1869,1,1
1870,0,0
1871,0,0
1872,0,0
1873,1,1
1874,1,1
1875,0,0
1876,0,0
1877,1,1
1878,1,1
1879,1,1
1880,1,1
1881,0,0
1882,1,1
1883,0,1
1884,0,0
1885,1,1
1886,0,0
1887,1,1
1888,1,1
1889,1,1
1890,1,1
1891,1,1
1892,0,0
1893,1,1
1894,1,1
1895,1,1
1896,0,0
1897,0,0
1898,0,0
1899,0,1
1900,1,1
1901,1,1
1902,1,1
1903,1,0
1904,1,1
1905,1,1
1906,0,0
1907,1,1
1908,1,1
1909,0,0
1910,0,0
1911,0,0
1912,0,0
1913,0,0
1914,1,1
1915,1,1
1916,1,1
1917,0,0
1918,1,1
1919,1,1
1920,1,1
1921,1,1
1922,1,1
1923,0,0
1924,1,0
1925,1,0
1926,1,1
1927,1,1
1928,0,0
1929,0,0
1930,0,1
1931,1,0
1932,1,0
1933,1,1
1934,0,0
1935,1,1
1936,0,0
1937,0,0
1938,0,0
1939,0,0
1940,1,1
1941,0,0
1942,0,0
1943,0,0
1944,1,0
1945,0,0
1946,0,1
1947,0,1
1948,0,0
1949,1,1
1950,1,1
1951,1,1
1952,1,1
1953,1,0
1954,0,1
1955,0,0
1956,1,1
1957,0,1
1958,0,0
1959,0,0
1960,0,0
1961,0,0
1962,1,1
1963,1,0
1964,1,1
1965,1,1
1966,0,0
1967,1,1
1968,1,1
1969,1,1
1970,0,1
1971,1,1
1972,1,1
1973,0,0
1974,0,0
1975,1,1
1976,1,1
1977,1,1
1978,0,0
1979,1,1
1980,1,1
1981,0,0
1982,1,1
1983,0,0
1984,1,1
1985,0,0
1986,0,0
1987,1,1
1988,0,1
1989,0,0
1990,0,0
1991,1,1
1992,0,0
1993,1,1
1994,0,0
1995,0,1
1996,0,0
1997,1,1
1998,1,1
1999,1,1
2000,1,1
2001,0,0
2002,1,1
2003,1,1
2004,1,1
2005,1,1
2006,1,1
2007,0,1
2008,0,0
2009,1,1
2010,1,0
2011,1,1
2012,1,1
2013,1,1
2014,0,0
2015,0,0
2016,1,1
2017,0,0
2018,0,0
2019,0,0
2020,1,1
2021,0,0
2022,1,1
2023,0,0
2024,0,1
2025,1,1
2026,0,0
2027,0,0
2028,0,0
2029,0,0
2030,0,0
2031,0,0
2032,1,1
2033,0,0
2034,1,1
2035,0,0
2036,0,1
2037,0,0
2038,1,1
2039,1,1
2040,1,1
2041,0,0
2042,0,0
2043,0,0
2044,1,1
2045,0,0
2046,1,1
2047,1,1
2048,0,0
2049,1,1
2050,1,1
2051,0,0
2052,1,1
2053,0,0
2054,1,1
2055,1,1
2056,1,1
2057,0,0
2058,0,0
2059,1,1
2060,0,0
2061,1,1
2062,1,0
2063,0,0
2064,1,1
2065,0,0
2066,0,0
2067,0,0
2068,0,0
2069,0,1
2070,0,0
2071,0,1
2072,1,1
2073,0,0
2074,1,1
2075,1,1
2076,1,1
2077,1,1
2078,0,0
2079,0,0
2080,1,1
2081,0,0
2082,1,1
2083,0,0
2084,0,0
2085,1,1
2086,1,1
2087,0,1
2088,1,1
2089,1,1
2090,1,1
2091,0,0
2092,0,0
2093,1,0
2094,0,0
2095,1,1
2096,1,1
2097,1,1
2098,0,0
2099,1,1
2100,1,1
2101,1,1
2102,0,0
2103,1,1
2104,0,0
2105,0,0
2106,0,0
2107,0,0
2108,0,0
2109,0,0
2110,1,1
2111,0,0
2112,0,0
2113,1,1
2114,0,0
2115,0,0
2116,0,0
2117,1,1
2118,0,0
2119,0,0
2120,0,0
2121,1,1
2122,1,1
2123,1,0
2124,0,0
2125,0,0
2126,1,1
2127,0,1
2128,1,1
2129,1,1
2130,0,0
2131,1,1
2132,1,0
2133,0,0
2134,0,0
2135,0,0
2136,1,1
2137,1,1
2138,1,0
2139,0,0
2140,0,0
2141,0,0
2142,1,1
2143,1,1
2144,1,1
2145,0,0
2146,0,0
2147,0,0
2148,1,1
2149,1,1
2150,0,1
2151,0,0
2152,1,1
2153,0,1
2154,0,0
2155,0,0
2156,0,0
2157,1,0
2158,0,0
2159,0,0
2160,1,1
2161,0,0
2162,0,0
2163,0,0
2164,0,0
2165,0,0
2166,1,1
2167,1,1
2168,1,1
2169,0,0
2170,0,0
2171,0,0
2172,0,0
2173,0,0
2174,1,1
2175,1,1
2176,1,1
2177,1,1
2178,0,0
2179,0,0
2180,1,1
2181,0,0
2182,1,1
2183,1,1
2184,0,1
2185,0,0
2186,0,0
2187,0,0
2188,1,0
2189,1,1
2190,0,0
2191,1,1
2192,0,0
2193,1,1
2194,1,1
2195,1,1
2196,1,1
2197,1,1
2198,0,0
2199,1,1
2200,0,0
2201,0,0
2202,1,1
2203,1,1
2204,0,0
2205,1,1
2206,1,1
2207,0,0
2208,0,0
2209,1,1
2210,0,0
2211,1,1
2212,0,0
2213,0,0
2214,1,1
2215,1,1
2216,0,0
2217,0,1
2218,0,1
2219,0,0
2220,1,1
2221,0,1
2222,1,1
2223,1,1
2224,0,0
2225,1,1
2226,1,1
2227,0,0
2228,1,1
2229,0,0
2230,1,1
2231,0,0
2232,1,1
2233,1,1
2234,1,1
2235,1,1
2236,0,0
2237,0,0
2238,1,1
2239,0,0
2240,0,0
2241,1,1
2242,0,0
2243,1,1
2244,0,0
2245,1,1
2246,1,1
2247,1,1
2248,1,1
2249,0,0
2250,0,0
2251,1,1
2252,1,1
2253,1,1
2254,0,0
2255,1,1
2256,1,1
2257,0,0
2258,0,0
2259,0,0
2260,1,1
2261,1,1
2262,0,0
2263,0,0
2264,0,0
2265,0,0
2266,0,0
2267,0,0
2268,0,1
2269,0,0
2270,1,1
2271,1,1
2272,0,0
2273,1,1
2274,1,0
2275,1,1
2276,1,1
2277,1,1
2278,0,0
2279,0,0
2280,0,1
2281,1,0
2282,0,0
2283,1,1
2284,0,0
2285,1,1
2286,1,0
2287,1,1
2288,1,1
2289,1,1
2290,1,1
2291,0,1
2292,0,0
2293,1,1
2294,0,0
2295,1,0
2296,0,0
2297,1,1
2298,0,0
2299,0,1
2300,1,1
2301,1,1
2302,0,0
2303,1,1
2304,1,1
2305,0,0
2306,0,0
2307,1,1
2308,1,1
2309,0,0
2310,0,0
2311,0,0
2312,1,1
2313,1,1
2314,1,1
2315,0,0
2316,1,1
2317,1,1
2318,0,0
2319,0,0
2320,1,1
2321,0,0
2322,1,1
2323,0,0
2324,0,0
2325,0,1
2326,0,0
2327,1,1
2328,0,0
2329,0,0
2330,0,0
2331,1,1
2332,0,0
2333,0,0
2334,0,0
2335,1,1
2336,0,1
2337,1,1
2338,0,0
2339,1,1
2340,0,0
2341,1,1
2342,0,0
2343,1,1
2344,1,1
2345,1,1
2346,0,0
2347,0,0
2348,0,0
2349,1,1
2350,1,1
2351,0,0
2352,1,1
2353,0,0
2354,1,1
2355,0,0
2356,1,1
2357,0,0
2358,0,0
2359,1,1
2360,0,1
2361,0,0
2362,1,0
2363,1,1
2364,0,0
2365,1,1
2366,0,0
2367,0,0
2368,1,0
2369,1,1
2370,0,0
2371,0,0
2372,1,1
2373,0,0
2374,0,0
2375,1,1
2376,0,0
2377,0,0
2378,1,1
2379,1,1
2380,1,1
2381,1,1
2382,0,0
2383,1,1
2384,1,1
2385,1,1
2386,0,0
2387,1,1
2388,0,0
2389,0,0
2390,1,1
2391,0,0
2392,0,0
2393,1,1
2394,1,1
2395,1,1
2396,0,0
2397,0,0
2398,0,0
2399,1,1
2400,0,1
2401,0,0
2402,0,0
2403,1,1
2404,0,0
2405,1,1
2406,1,1
2407,0,0
2408,0,0
2409,0,0
2410,1,1
2411,0,0
2412,0,0
2413,0,0
2414,1,1
2415,1,0
2416,0,0
2417,1,1
2418,1,1
2419,1,1
2420,0,1
2421,0,0
2422,0,0
2423,0,0
2424,1,1
2425,0,0
2426,1,1
2427,0,0
2428,1,1
2429,1,1
2430,1,1
2431,0,0
2432,1,1
2433,0,1
2434,1,1
2435,0,0
2436,0,0
2437,0,0
2438,1,1
2439,1,1
2440,0,0
2441,1,1
2442,1,1
2443,1,1
2444,0,0
2445,1,1
2446,0,0
2447,1,1
2448,1,1
2449,0,0
2450,1,1
2451,0,0
2452,0,0
2453,1,1
2454,0,0
2455,0,1
2456,0,0
2457,1,1
2458,0,1
2459,1,0
2460,1,1
2461,0,0
2462,1,1
2463,0,0
2464,0,0
2465,1,1
2466,0,0
2467,1,0
2468,1,1
2469,0,0
2470,0,1
2471,0,0
2472,1,1
2473,1,1
2474,1,1
2475,1,1
2476,0,0
2477,0,0
2478,1,1
2479,1,0
2480,0,1
2481,0,0
2482,1,1
2483,0,0
2484,0,1
2485,0,0
2486,1,1
2487,0,0
2488,1,1
2489,1,1
2490,0,0
2491,1,1
2492,1,1
2493,0,0
2494,1,1
2495,0,0
2496,0,0
2497,0,0
2498,0,0
2499,1,1
2500,0,1
2501,1,1
2502,1,1
2503,0,0
2504,0,1
2505,1,0
2506,0,0
2507,1,1
2508,0,0
2509,1,0
2510,0,1
2511,1,1
2512,1,1
2513,1,1
2514,1,1
2515,0,0
2516,1,0
2517,1,1
2518,0,0
2519,1,1
2520,0,0
2521,1,1
2522,1,0
2523,0,0
2524,0,0
2525,0,0
2526,0,0
2527,1,1
2528,1,1
2529,1,1
2530,1,1
2531,1,1
2532,1,1
2533,1,1
2534,1,0
2535,0,0
2536,0,0
2537,0,0
2538,0,0
2539,1,0
2540,1,1
2541,1,1
2542,0,0
2543,0,0
2544,0,0
2545,0,0
2546,1,1
2547,0,0
2548,1,1
2549,0,0
2550,1,1
2551,0,0
2552,0,0
2553,0,0
2554,0,0
2555,0,0
2556,1,1
2557,1,1
2558,0,0
2559,0,0
2560,0,0
2561,0,0
2562,1,1
2563,0,0
2564,0,0
2565,1,1
2566,0,0
2567,0,1
2568,0,0
2569,0,0
2570,1,0
2571,0,0
2572,1,1
2573,0,0
2574,0,0
2575,1,1
2576,0,0
2577,1,1
2578,0,1
2579,1,1
2580,1,0
2581,1,1
2582,1,1
2583,1,0
2584,0,0
2585,0,1
2586,0,0
2587,0,0
2588,0,0
2589,0,1
2590,1,1
2591,0,0
2592,0,1
2593,1,1
2594,0,0
2595,1,1
2596,0,0
2597,1,1
2598,1,1
2599,1,0
2600,0,0
2601,0,0
2602,1,1
2603,1,1
2604,0,0
2605,1,1
2606,1,1
2607,0,0
2608,1,1
2609,0,0
2610,0,0
2611,0,0
2612,1,1
2613,0,0
2614,1,1
2615,1,1
2616,1,1
2617,0,0
2618,1,0
2619,0,0
2620,1,1
2621,1,0
2622,0,0
2623,0,0
2624,0,0
2625,1,1
2626,1,0
2627,1,1
2628,1,1
2629,0,0
2630,0,0
2631,0,0
2632,1,1
2633,0,0
2634,0,0
2635,1,1
2636,0,0
2637,0,0
2638,0,1
2639,1,1
2640,1,1
2641,1,1
2642,1,1
2643,0,0
2644,0,0
2645,1,1
2646,1,1
2647,0,1
2648,1,1
2649,1,1
2650,0,1
2651,0,0
2652,1,0
2653,1,1
2654,1,1
2655,1,1
2656,1,1
2657,0,0
2658,1,0
2659,1,1
2660,0,0
2661,1,1
2662,0,0
2663,1,1
2664,0,0
2665,1,1
2666,1,1
2667,1,1
2668,0,0
2669,1,1
2670,1,1
2671,0,0
2672,0,1
2673,1,1
2674,0,0
2675,0,0
2676,1,1
2677,1,1
2678,0,0
2679,0,0
2680,1,1
2681,0,1
2682,1,1
2683,1,1
2684,1,1
2685,0,0
2686,1,0
2687,0,0
2688,1,1
2689,1,1
2690,1,1
2691,0,0
2692,1,1
2693,0,1
2694,1,1
2695,1,1
2696,0,0
2697,0,0
2698,0,1
2699,0,0
2700,0,0
2701,0,1
2702,0,0
2703,0,0
2704,1,1
2705,0,0
2706,0,1
2707,1,1
2708,0,0
2709,1,1
2710,0,0
2711,1,0
2712,1,1
2713,0,0
2714,1,1
2715,1,1
2716,0,0
2717,0,0
2718,1,1
2719,1,1
2720,1,1
2721,1,1
2722,0,0
2723,1,1
2724,0,0
2725,0,1
2726,1,1
2727,0,0
2728,1,1
2729,0,0
2730,1,0
2731,1,1
2732,1,1
2733,1,1
2734,0,0
2735,0,0
2736,1,1
2737,0,1
2738,0,0
2739,0,0
2740,1,1
2741,0,0
2742,0,0
2743,0,0
2744,1,1
2745,0,0
2746,0,0
2747,0,0
2748,0,0
2749,0,0
2750,1,1
2751,1,1
2752,1,1
2753,0,0
2754,0,0
2755,1,1
2756,0,0
2757,1,1
2758,1,1
2759,0,0
2760,0,0
2761,0,0
2762,1,1
2763,1,1
2764,0,0
2765,0,0
2766,0,0
2767,1,1
2768,0,0
2769,1,1
2770,0,0
2771,0,0
2772,0,1
2773,1,1
2774,0,0
2775,1,1
2776,1,1
2777,0,0
2778,0,0
2779,0,1
2780,0,0
2781,0,0
2782,0,0
2783,0,0
2784,1,0
2785,0,0
2786,0,0
2787,1,1
2788,1,1
2789,1,1
2790,0,0
2791,0,0
2792,0,0
2793,0,0
2794,1,1
2795,1,1
2796,0,1
2797,0,0
2798,0,0
2799,1,1
2800,1,1
2801,0,0
2802,0,0
2803,0,0
2804,0,0
2805,1,0
2806,0,0
2807,1,0
2808,0,0
2809,0,0
2810,0,0
2811,1,1
2812,0,0
2813,0,0
2814,0,0
2815,0,0
2816,0,0
2817,0,0
2818,1,1
2819,1,1
2820,1,1
2821,0,0
2822,1,1
2823,1,1
2824,0,0
2825,0,1
2826,1,0
2827,1,1
2828,1,0
2829,0,0
2830,0,0
2831,1,1
2832,0,0
2833,1,1
2834,1,1
2835,0,1
2836,1,1
2837,0,0
2838,0,0
2839,0,0
2840,1,1
2841,0,0
2842,1,1
2843,0,0
2844,1,1
2845,1,1
2846,0,0
2847,0,0
2848,0,0
2849,0,0
2850,1,1
2851,1,1
2852,0,0
2853,1,1
2854,0,0
2855,1,1
2856,1,1
2857,0,0
2858,1,1
2859,1,1
2860,1,1
2861,1,1
2862,0,0
2863,0,0
2864,1,0
2865,0,0
2866,1,1
2867,1,1
2868,1,1
2869,1,1
2870,0,0
2871,0,0
2872,0,0
2873,0,0
2874,0,0
2875,0,1
2876,0,0
2877,1,1
2878,0,0
2879,0,0
2880,0,0
2881,1,1
2882,0,0
2883,0,0
2884,1,0
2885,0,0
2886,1,1
2887,0,0
2888,0,0
2889,1,1
2890,1,1
2891,0,0
2892,0,1
2893,1,1
2894,0,0
2895,1,1
2896,0,1
2897,1,1
2898,1,1
2899,0,0
2900,0,0
2901,1,1
2902,0,0
2903,0,0
2904,0,0
2905,0,0
2906,1,1
2907,1,1
2908,1,1
2909,1,1
2910,1,1
2911,0,0
2912,1,1
2913,1,1
2914,1,1
2915,1,0
2916,0,0
2917,0,0
2918,1,1
2919,0,0
2920,1,1
2921,0,0
2922,0,0
2923,0,0
2924,1,0
2925,0,0
2926,0,0
2927,1,1
2928,0,0
2929,1,1
2930,1,1
2931,0,0
2932,1,1
2933,1,1
2934,0,0
2935,0,0
2936,0,0
2937,1,1
2938,1,1
2939,1,1
2940,1,1
2941,0,0
2942,0,0
2943,1,1
2944,1,1
2945,0,0
2946,1,1
2947,0,0
2948,1,1
2949,0,0
2950,1,1
2951,0,0
2952,0,0
2953,0,0
2954,0,0
2955,1,1
2956,0,0
2957,0,1
2958,1,1
2959,0,0
2960,1,1
2961,0,0
2962,1,1
2963,0,0
2964,0,0
2965,1,1
2966,0,0
2967,1,0
2968,0,1
2969,1,1
2970,1,1
2971,1,1
2972,1,1
2973,1,1
2974,1,0
2975,1,1
2976,0,0
2977,0,0
2978,1,1
2979,1,1
2980,1,1
2981,1,1
2982,1,1
2983,1,1
2984,1,1
2985,1,1
2986,1,1
2987,1,0
2988,1,1
2989,1,1
2990,0,0
2991,0,0
2992,1,1
2993,1,1
2994,0,0
2995,0,0
2996,0,0
2997,0,0
2998,1,1
2999,0,0
3000,0,1
3001,1,1
3002,1,1
3003,1,1
3004,1,1
3005,1,1
3006,1,1
3007,1,1
3008,0,1
3009,1,1
3010,1,1
3011,1,1
3012,0,0
3013,0,1
3014,1,1
3015,0,0
3016,0,0
3017,0,1
3018,1,1
3019,0,0
3020,0,0
3021,1,1
3022,0,0
3023,1,1
3024,1,1
3025,1,1
3026,0,0
3027,1,1
3028,0,0
3029,1,1
3030,1,1
3031,1,1
3032,1,1
3033,0,0
3034,1,1
3035,0,0
3036,1,1
3037,1,1
3038,0,0
3039,0,0
3040,0,1
3041,0,0
3042,0,0
3043,1,1
3044,1,1
3045,1,1
3046,0,0
3047,0,0
3048,1,1
3049,0,0
3050,0,1
3051,1,1
3052,1,1
3053,1,1
3054,1,1
3055,1,1
3056,0,0
3057,1,1
3058,1,1
3059,1,1
3060,1,1
3061,0,0
3062,0,0
3063,1,1
3064,0,0
3065,1,1
3066,1,1
3067,1,1
3068,0,0
3069,0,0
3070,1,0
3071,0,0
3072,1,1
3073,1,1
3074,1,1
3075,1,1
3076,1,0
3077,1,1
3078,0,0
3079,0,0
3080,0,0
3081,0,0
3082,0,0
3083,1,1
3084,0,1
3085,0,0
3086,0,1
3087,0,0
3088,0,0
3089,1,1
3090,0,1
3091,0,0
3092,0,0
3093,0,0
3094,0,0
3095,1,1
3096,0,1
3097,0,0
3098,1,1
3099,0,0
3100,1,1
3101,1,1
3102,1,1
3103,0,0
3104,0,0
3105,0,0
3106,1,1
3107,1,1
3108,0,0
3109,1,1
3110,0,0
3111,0,0
3112,0,0
3113,1,1
3114,0,1
3115,0,0
3116,0,0
3117,0,0
3118,1,1
3119,0,0
3120,1,1
3121,0,0
3122,0,0
3123,1,1
3124,0,0
3125,0,0
3126,0,0
3127,0,0
3128,0,0
3129,1,1
3130,1,1
3131,0,0
3132,0,0
3133,1,1
3134,0,0
3135,0,0
3136,0,0
3137,0,0
3138,0,0
3139,1,1
3140,0,0
3141,1,1
3142,0,0
3143,0,0
3144,1,1
3145,0,0
3146,0,0
3147,1,0
3148,0,0
3149,1,1
3150,1,1
3151,1,1
3152,1,1
3153,0,0
3154,1,1
3155,0,0
3156,0,0
3157,1,1
3158,0,0
3159,1,1
3160,1,1
3161,0,0
3162,0,0
3163,0,0
3164,0,0
3165,1,1
3166,1,0
3167,0,1
3168,0,0
3169,0,0
3170,0,1
3171,0,0
3172,1,1
3173,0,1
3174,1,0
3175,1,1
3176,1,1
3177,1,1
3178,1,1
3179,1,1
3180,1,1
3181,1,0
3182,0,1
3183,0,0
3184,1,1
3185,0,0
3186,1,1
3187,1,1
3188,0,0
3189,1,1
3190,0,0
3191,1,1
3192,1,1
3193,0,0
3194,0,0
3195,0,0
3196,1,0
3197,1,0
3198,1,1
3199,0,0
3200,1,0
3201,1,1
3202,0,0
3203,0,0
3204,1,1
3205,0,0
3206,1,1
3207,0,0
3208,1,1
3209,0,0
3210,0,0
3211,0,0
3212,1,1
3213,0,0
3214,0,1
3215,1,1
3216,1,1
3217,0,0
3218,1,1
3219,1,1
3220,0,0
3221,0,0
3222,1,1
3223,0,1
3224,1,1
3225,0,0
3226,0,0
3227,0,0
3228,0,0
3229,1,1
3230,0,0
3231,0,0
3232,1,1
3233,1,1
3234,0,0
3235,0,0
3236,1,1
3237,1,1
3238,1,1
3239,1,1
3240,0,0
3241,1,1
3242,1,1
3243,0,1
3244,1,1
3245,1,1
3246,1,1
3247,0,0
3248,0,0
3249,1,1
3250,1,1
3251,0,0
3252,0,0
3253,1,1
3254,1,1
3255,1,1
3256,1,1
3257,0,1
3258,0,0
3259,0,0
3260,1,1
3261,0,0
3262,0,0
3263,0,0
3264,1,1
3265,1,1
3266,1,1
3267,0,1
3268,0,0
3269,0,0
3270,1,1
3271,0,0
3272,1,1
3273,0,0
3274,1,1
3275,0,1
3276,0,0
3277,0,0
3278,1,1
3279,0,0
3280,0,0
3281,1,0
3282,0,0
3283,0,0
3284,1,0
3285,1,1
3286,0,0
3287,1,1
3288,0,0
3289,0,0
3290,1,1
3291,1,1
3292,1,1
3293,1,1
3294,1,1
3295,1,1
3296,0,0
3297,1,1
3298,0,0
3299,0,0
3300,0,0
3301,1,1
3302,1,1
3303,0,0
3304,1,0
3305,0,0
3306,1,1
3307,1,1
3308,1,1
3309,1,1
3310,0,1
3311,0,0
3312,0,0
3313,1,1
3314,1,1
3315,0,0
3316,1,1
3317,1,1
3318,1,1
3319,0,0
3320,0,0
3321,1,1
3322,1,1
3323,1,0
3324,1,1
3325,0,1
3326,0,0
3327,0,0
3328,0,0
3329,1,1
3330,0,0
3331,0,1
3332,0,0
3333,0,0
3334,0,0
3335,0,0
3336,0,0
3337,0,1
3338,1,0
3339,1,1
3340,1,1
3341,1,1
3342,0,0
3343,1,1
3344,0,0
3345,0,0
3346,1,1
3347,0,0
3348,1,1
3349,1,1
3350,0,1
3351,1,1
3352,1,1
3353,1,1
3354,1,1
3355,1,1
3356,1,1
3357,1,1
3358,0,1
3359,1,1
3360,0,0
3361,1,1
3362,0,0
3363,0,0
3364,1,1
3365,1,1
3366,0,0
3367,1,1
3368,0,0
3369,1,1
3370,1,1
3371,1,0
3372,1,1
3373,0,0
3374,0,0
3375,0,0
3376,0,1
3377,0,0
3378,1,1
3379,0,0
3380,1,0
3381,1,1
3382,1,1
3383,0,0
3384,1,1
3385,0,0
3386,1,1
3387,0,0
3388,1,1
3389,1,1
3390,0,0
3391,0,0
3392,1,1
3393,1,1
3394,1,1
3395,0,1
3396,1,1
3397,1,1
3398,0,0
3399,1,1
3400,0,0
3401,1,1
3402,1,1
3403,0,1
3404,0,0
3405,0,0
3406,1,0
3407,0,0
3408,1,1
3409,0,0
3410,0,0
3411,1,1
3412,0,0
3413,0,0
3414,1,1
3415,0,1
3416,1,0
3417,0,0
3418,1,1
3419,1,1
3420,1,1
3421,0,0
3422,0,0
3423,0,0
3424,1,1
3425,1,1
3426,0,0
3427,1,1
3428,0,0
3429,1,1
3430,0,0
3431,1,1
3432,0,0
3433,0,0
3434,0,1
3435,1,1
3436,0,0
3437,0,0
3438,1,1
3439,0,0
3440,0,1
3441,1,0
3442,1,1
3443,1,1
3444,0,1
3445,0,0
3446,1,0
3447,1,1
3448,1,1
3449,0,0
3450,1,1
3451,0,0
3452,1,1
3453,0,0
3454,0,0
3455,0,0
3456,1,1
3457,0,1
3458,1,1
3459,1,1
3460,0,0
3461,0,0
3462,1,1
3463,0,0
3464,1,1
3465,1,1
3466,1,1
3467,0,0
3468,1,1
3469,0,0
3470,0,1
3471,1,1
3472,0,0
3473,0,0
3474,1,1
3475,0,0
3476,0,0
3477,0,0
3478,0,0
3479,1,1
3480,0,0
3481,1,1
3482,0,0
3483,1,1
3484,1,0
3485,1,1
3486,0,0
3487,1,1
3488,1,1
3489,0,0
3490,1,1
3491,1,0
3492,1,1
3493,1,1
3494,0,0
3495,1,1
3496,1,1
3497,1,1
3498,1,1
3499,0,0
3500,0,0
3501,1,1
3502,1,1
3503,0,0
3504,1,1
3505,0,1
3506,1,0
3507,1,1
3508,1,1
3509,0,0
3510,0,0
3511,0,0
3512,0,1
3513,0,0
3514,0,1
3515,0,1
3516,0,0
3517,1,0
3518,1,1
3519,1,1
3520,0,0
3521,0,0
3522,1,1
3523,0,0
3524,0,0
3525,0,0
3526,0,0
3527,1,0
3528,0,0
3529,0,1
3530,0,0
3531,0,0
3532,1,1
3533,1,1
3534,1,1
3535,1,1
3536,1,0
3537,0,0
3538,1,0
3539,1,1
3540,1,1
3541,0,0
3542,1,1
3543,1,1
3544,0,0
3545,0,1
3546,0,0
3547,0,0
3548,0,0
3549,1,1
3550,0,0
3551,1,1
3552,1,1
3553,0,0
3554,0,1
3555,1,1
3556,0,1
3557,1,1
3558,1,1
3559,1,1
3560,0,1
3561,1,1
3562,1,1
3563,0,0
3564,1,1
3565,0,0
3566,1,1
3567,1,1
3568,0,0
3569,1,1
3570,0,0
3571,0,0
3572,0,0
3573,0,0
3574,1,1
3575,1,1
3576,0,0
3577,0,0
3578,0,0
3579,1,1
3580,1,1
3581,1,1
3582,0,1
3583,1,1
3584,0,0
3585,0,0
3586,1,1
3587,0,0
3588,1,1
3589,1,1
3590,0,0
3591,0,0
3592,1,0
3593,0,0
3594,1,0
3595,0,0
3596,1,1
3597,1,1
3598,1,1
3599,1,1
3600,0,0
3601,1,1
3602,1,1
3603,1,1
3604,1,1
3605,0,0
3606,0,0
3607,0,0
3608,0,1
3609,1,1
3610,0,1
3611,1,1
3612,0,0
3613,1,0
3614,1,1
3615,0,0
3616,0,0
3617,1,1
3618,1,1
3619,1,1
3620,1,1
3621,0,0
3622,1,1
3623,0,0
3624,1,1
3625,1,1
3626,0,1
3627,0,0
3628,1,0
3629,0,1
3630,1,1
3631,0,1
3632,0,0
3633,1,1
3634,0,1
3635,1,1
3636,0,0
3637,0,0
3638,0,0
3639,0,1
3640,0,0
3641,0,0
3642,1,0
3643,0,0
3644,0,0
3645,0,0
3646,1,1
3647,0,0
3648,0,0
3649,1,1
3650,0,0
3651,1,1
3652,1,0
3653,1,1
3654,1,1
3655,1,1
3656,1,1
3657,1,1
3658,1,1
3659,0,0
3660,0,0
3661,0,0
3662,1,1
3663,0,1
3664,0,0
3665,0,0
3666,1,1
3667,1,1
3668,1,1
3669,0,0
3670,1,1
3671,0,0
3672,1,1
3673,1,1
3674,0,0
3675,1,1
3676,1,1
3677,1,1
3678,0,1
3679,0,0
3680,1,1
3681,1,1
3682,1,1
3683,1,1
3684,1,1
3685,0,0
3686,0,0
3687,0,1
3688,0,0
3689,0,0
3690,0,0
3691,1,1
3692,1,1
3693,0,0
3694,0,1
3695,1,1
3696,0,0
3697,1,1
3698,0,0
3699,0,0
3700,0,0
3701,1,1
3702,1,1
3703,1,1
3704,0,0
3705,0,0
3706,0,0
3707,0,0
3708,1,1
3709,0,1
3710,0,0
3711,1,1
3712,1,1
3713,1,1
3714,1,1
3715,1,0
3716,0,0
3717,0,0
3718,0,0
3719,0,1
3720,1,1
3721,1,1
3722,0,0
3723,1,1
3724,0,0
3725,0,0
3726,1,1
3727,0,0
3728,1,1
3729,0,0
3730,1,1
3731,1,1
3732,0,0
3733,1,1
3734,0,1
3735,0,0
3736,1,1
3737,1,1
3738,1,1
3739,1,1
3740,0,0
3741,1,1
3742,1,1
3743,0,0
3744,0,0
3745,0,0
3746,0,0
3747,1,1
3748,0,0
3749,0,0
3750,1,1
3751,0,0
3752,1,1
3753,0,0
3754,1,1
3755,0,0
3756,1,1
3757,1,1
3758,1,1
3759,0,0
3760,1,1
3761,0,1
3762,0,0
3763,1,1
3764,0,0
3765,1,1
3766,1,1
3767,0,0
3768,1,1
3769,1,1
3770,0,0
3771,0,0
3772,1,1
3773,1,1
3774,0,0
3775,1,1
3776,1,0
3777,1,1
3778,1,1
3779,0,1
3780,1,1
3781,0,1
3782,0,0
3783,0,0
3784,0,0
3785,1,0
3786,1,1
3787,1,1
3788,1,0
3789,1,1
3790,1,1
3791,0,0
3792,1,1
3793,1,1
3794,1,1
3795,1,0
3796,0,0
3797,1,1
3798,1,1
3799,0,0
3800,0,0
3801,1,0
3802,0,0
3803,0,0
3804,1,1
3805,0,0
3806,1,1
3807,1,1
3808,0,1
3809,0,0
3810,0,0
3811,0,0
3812,1,1
3813,1,1
3814,1,1
3815,1,1
3816,0,0
3817,0,0
3818,1,1
3819,0,0
3820,0,0
3821,1,1
3822,1,1
3823,1,1
3824,1,1
3825,0,0
3826,0,0
3827,0,0
3828,1,1
3829,0,0
3830,0,1
3831,0,0
3832,1,1
3833,1,1
3834,1,1
3835,1,1
3836,1,1
3837,1,1
3838,0,0
3839,1,1
3840,0,0
3841,0,1
3842,1,1
3843,1,1
3844,0,0
3845,0,0
3846,1,0
3847,1,1
3848,0,0
3849,1,1
3850,0,0
3851,1,1
3852,0,0
3853,0,0
3854,1,1
3855,1,0
3856,1,1
3857,1,1
3858,0,0
3859,0,0
3860,1,1
3861,1,1
3862,0,0
3863,0,0
3864,0,1
3865,0,0
3866,0,0
3867,0,0
3868,1,1
3869,0,0
3870,0,0
3871,1,1
3872,1,0
3873,1,0
3874,0,0
3875,0,0
3876,0,0
3877,1,1
3878,0,0
3879,0,0
3880,0,0
3881,1,1
3882,1,1
3883,1,1
3884,0,0
3885,1,1
3886,1,1
3887,1,1
3888,0,0
3889,1,1
3890,0,1
3891,1,1
3892,1,1
3893,1,0
3894,0,0
3895,0,0
3896,1,1
3897,1,1
3898,1,1
3899,0,0
3900,1,1
3901,0,0
3902,0,0
3903,0,0
3904,1,1
3905,0,0
3906,0,1
3907,1,1
3908,0,0
3909,1,1
3910,1,1
3911,0,0
3912,1,1
3913,1,1
3914,1,1
3915,1,1
3916,1,1
3917,0,1
3918,1,1
3919,1,0
3920,1,1
3921,0,1
3922,1,1
3923,0,0
3924,1,1
3925,1,1
3926,0,1
3927,1,1
3928,0,0
3929,0,1
3930,1,1
3931,0,0
3932,1,0
3933,1,1
3934,0,0
3935,0,0
3936,0,0
3937,1,1
3938,1,1
3939,0,0
3940,0,0
3941,1,1
3942,1,1
3943,0,0
3944,1,1
3945,0,0
3946,0,0
3947,1,1
3948,0,0
3949,0,0
3950,0,1
3951,1,1
3952,1,1
3953,1,1
3954,1,1
3955,1,1
3956,1,1
3957,0,0
3958,0,0
3959,0,0
3960,0,0
3961,0,0
3962,0,0
3963,1,1
3964,1,1
3965,0,0
3966,1,1
3967,0,0
3968,0,0
3969,0,0
3970,0,0
3971,0,0
3972,1,1
3973,0,0
3974,0,0
3975,0,0
3976,1,0
3977,1,1
3978,0,0
3979,1,1
3980,0,0
3981,1,1
3982,0,0
3983,0,0
3984,0,0
3985,0,0
3986,0,0
3987,1,1
3988,1,1
3989,1,1
3990,1,1
3991,0,0
3992,0,0
3993,1,1
3994,1,1
3995,1,0
3996,1,1
3997,0,0
3998,0,0
3999,0,0
4000,0,0
4001,0,0
4002,0,0
4003,1,1
4004,1,1
4005,1,1
4006,0,0
4007,1,1
4008,1,1
4009,0,0
4010,1,1
4011,1,1
4012,1,1
4013,0,1
4014,0,0
4015,1,1
4016,1,1
4017,0,0
4018,0,0
4019,1,1
4020,0,0
4021,1,1
4022,1,1
4023,0,0
4024,1,1
4025,0,1
4026,1,0
4027,0,0
4028,1,1
4029,0,0
4030,0,0
4031,0,0
4032,1,1
4033,1,1
4034,0,0
4035,1,1
4036,1,1
4037,1,1
4038,0,0
4039,1,1
4040,1,1
4041,0,0
4042,1,1
4043,1,1
4044,0,0
4045,1,1
4046,1,1
4047,1,1
4048,0,0
4049,1,1
4050,1,0
4051,0,0
4052,0,0
4053,0,1
4054,0,0
4055,1,1
4056,0,1
4057,0,0
4058,1,1
4059,1,1
4060,1,1
4061,0,0
4062,0,0
4063,1,1
4064,1,1
4065,1,0
4066,1,1
4067,0,1
4068,0,0
4069,0,0
4070,0,0
4071,0,1
4072,1,1
4073,1,0
4074,1,1
4075,1,1
4076,0,0
4077,0,0
4078,0,0
4079,0,0
4080,1,0
4081,1,1
4082,0,1
4083,0,0
4084,1,1
4085,0,0
4086,0,0
4087,0,0
4088,0,0
4089,1,1
4090,0,0
4091,1,1
4092,0,0
4093,0,0
4094,0,0
4095,0,0
4096,0,1
4097,1,1
4098,1,0
4099,1,1
4100,0,1
4101,0,0
4102,1,1
4103,0,0
4104,1,1
4105,0,0
4106,1,1
4107,0,0
4108,1,1
4109,1,1
4110,0,0
4111,0,0
4112,1,1
4113,0,0
4114,1,1
4115,0,0
4116,0,0
4117,1,1
4118,0,0
4119,0,0
4120,1,1
4121,1,1
4122,0,1
4123,0,0
4124,1,1
4125,0,0
4126,0,0
4127,0,0
4128,1,1
4129,0,0
4130,0,0
4131,0,0
4132,0,0
4133,1,1
4134,1,1
4135,1,1
4136,1,1
4137,1,1
4138,0,1
4139,1,1
4140,0,0
4141,1,1
4142,0,0
4143,0,0
4144,1,1
4145,0,0
4146,0,0
4147,0,0
4148,0,0
4149,1,1
4150,1,1
4151,1,1
4152,0,0
4153,0,0
4154,0,0
4155,0,0
4156,0,0
4157,0,0
4158,0,0
4159,1,1
4160,0,1
4161,0,0
4162,1,1
4163,1,0
4164,0,1
4165,1,1
4166,1,1
4167,1,1
4168,0,0
4169,0,0
4170,0,0
4171,1,1
4172,1,1
4173,0,0
4174,1,1
4175,0,0
4176,1,1
4177,1,1
4178,0,0
4179,1,1
4180,1,1
4181,1,0
4182,1,1
4183,0,0
4184,0,1
4185,0,0
4186,0,0
4187,0,0
4188,1,0
4189,0,0
4190,0,0
4191,1,1
4192,0,0
4193,1,1
4194,1,1
4195,1,1
4196,1,1
4197,1,1
4198,0,0
4199,0,0
4200,1,1
4201,0,0
4202,0,1
4203,1,1
4204,1,1
4205,0,0
4206,1,1
4207,1,1
4208,1,1
4209,0,0
4210,1,1
4211,1,1
4212,1,0
4213,0,0
4214,0,0
4215,0,0
4216,0,0
4217,1,1
4218,1,1
4219,1,1
4220,0,0
4221,1,1
4222,1,1
4223,1,1
4224,1,1
4225,0,0
4226,0,1
4227,1,1
4228,0,0
4229,0,1
4230,1,1
4231,1,1
4232,0,0
4233,1,1
4234,1,1
4235,1,1
4236,1,1
4237,0,0
4238,0,0
4239,0,0
4240,0,1
4241,0,0
4242,0,0
4243,1,1
4244,1,1
4245,1,1
4246,0,0
4247,0,0
4248,0,0
4249,1,1
4250,1,1
4251,0,1
4252,0,0
4253,1,1
4254,1,1
4255,0,0
4256,1,1
4257,0,0
4258,0,0
4259,0,0
4260,1,1
4261,1,1
4262,1,1
4263,1,1
4264,0,0
4265,1,1
4266,1,1
4267,0,0
4268,1,1
4269,0,0
4270,0,0
4271,0,0
4272,0,0
4273,0,0
4274,0,0
4275,0,0
4276,0,1
4277,1,0
4278,0,0
4279,1,1
4280,1,1
4281,0,0
4282,1,1
4283,1,1
4284,1,1
4285,0,0
4286,0,0
4287,1,1
4288,0,1
4289,0,0
4290,0,0
4291,0,0
4292,0,0
4293,1,0
4294,1,1
4295,0,0
4296,1,1
4297,1,1
4298,0,0
4299,1,1
4300,1,1
4301,1,1
4302,1,1
4303,0,0
4304,1,1
4305,1,0
4306,0,0
4307,0,0
4308,0,1
4309,1,1
4310,0,0
4311,0,0
4312,1,0
4313,0,1
4314,1,1
4315,0,0
4316,0,0
4317,0,0
4318,1,1
4319,1,1
4320,1,1
4321,1,1
4322,0,0
4323,0,0
4324,0,0
4325,0,0
4326,1,1
4327,0,1
4328,0,0
4329,0,0
4330,1,1
4331,1,1
4332,1,1
4333,1,1
4334,0,0
4335,1,1
4336,0,0
4337,1,1
4338,1,1
4339,1,1
4340,0,0
4341,1,1
4342,0,0
4343,1,1
4344,1,1
4345,0,0
4346,1,1
4347,0,0
4348,0,0
4349,1,1
4350,0,0
4351,1,0
4352,0,0
4353,1,1
4354,1,1
4355,0,0
4356,0,0
4357,0,0
4358,1,1
4359,0,0
4360,0,0
4361,1,1
4362,0,0
4363,1,1
4364,0,0
4365,1,1
4366,0,0
4367,0,0
4368,0,0
4369,1,1
4370,0,0
4371,0,0
4372,0,0
4373,1,1
4374,1,1
4375,0,0
4376,0,0
4377,1,1
4378,0,0
4379,0,0
4380,0,0
4381,1,1
4382,1,1
4383,1,1
4384,0,0
4385,0,0
4386,1,1
4387,1,1
4388,0,0
4389,0,0
4390,1,1
4391,1,1
4392,1,1
4393,1,1
4394,0,0
4395,0,0
4396,1,1
4397,1,0
4398,1,1
4399,0,0
4400,0,0
4401,0,1
4402,1,1
4403,1,0
4404,1,1
4405,1,1
4406,1,1
4407,0,0
4408,0,0
4409,0,0
4410,1,1
4411,0,0
4412,0,0
4413,1,1
4414,0,0
4415,0,1
4416,0,0
4417,0,0
4418,1,1
4419,1,1
4420,0,0
4421,0,0
4422,0,0
4423,1,0
4424,1,1
4425,1,1
4426,0,0
4427,1,1
4428,0,1
4429,0,0
4430,1,1
4431,1,1
4432,1,1
4433,1,1
4434,1,1
4435,1,1
4436,1,1
4437,1,1
4438,0,0
4439,0,0
4440,0,0
4441,0,0
4442,0,0
4443,1,1
4444,1,1
4445,0,0
4446,0,0
4447,1,1
4448,1,1
4449,1,1
4450,1,1
4451,0,0
4452,1,0
4453,1,1
4454,1,1
4455,0,1
4456,1,1
4457,1,0
4458,0,0
4459,0,0
4460,1,0
4461,1,1
4462,0,0
4463,1,1
4464,1,1
4465,1,1
4466,1,1
4467,0,1
4468,1,1
4469,0,0
4470,1,1
4471,0,0
4472,1,1
4473,1,1
4474,1,1
4475,1,0
4476,1,1
4477,1,1
4478,1,1
4479,1,1
4480,0,0
4481,0,0
4482,0,0
4483,1,1
4484,1,1
4485,0,0
4486,1,1
4487,1,1
4488,1,1
4489,1,0
4490,1,1
4491,1,1
4492,0,0
4493,1,1
4494,1,1
4495,0,0
4496,1,1
4497,0,0
4498,0,0
4499,0,0
